{"cameraMode":{"drawMode":0,"name":"Shaded","section":"Shading Mode"},"sceneLighting":true,"audioPlay":false,"sceneViewState":{"m_AlwaysRefresh":false,"showFog":true,"showSkybox":true,"showFlares":true,"showImageEffects":true,"showParticleSystems":true,"showVisualEffectGraphs":true,"m_FxEnabled":true},"in2DMode":false,"pivot":{"x":1.6100988388061524,"y":-7.5871686935424809,"z":38.37576675415039},"rotation":{"x":-0.15601804852485658,"y":0.17880408465862275,"z":-0.028726134449243547,"w":-0.9710418581962586},"size":13.83465576171875,"orthographic":false}